tau,xi,p_g,replicate_id,post_prob_kappa_gt_u0,post_mean_kappa,xi_ratio
0.1,0.0014851485148514854,30,1,0.2717261948807811,0.3102098171918019,0.3
0.1,0.0014851485148514854,30,2,0.2747837182019788,0.3134849051599381,0.3
0.1,0.0024752475247524757,30,1,0.2710217173548143,0.30945418019532267,0.5
0.1,0.0024752475247524757,30,2,0.2723718610046034,0.31090203580419085,0.5
0.1,0.003465346534653466,30,1,0.26873108804112816,0.30699459422078307,0.7
0.1,0.003465346534653466,30,2,0.27100004901325403,0.3094309322536556,0.7
0.1,0.004207920792079208,30,1,0.269522738126172,0.30784508423535095,0.8499999999999999
0.1,0.004207920792079208,30,2,0.2735795818572705,0.3121959621811743,0.8499999999999999
0.1,0.004702970297029704,30,1,0.2715325736412315,0.31000217310747413,0.95
0.1,0.004702970297029704,30,2,0.2698560776407628,0.30820305849681895,0.95
0.1,0.005198019801980199,30,1,0.27290557980860985,0.31147399135232945,1.05
0.1,0.005198019801980199,30,2,0.2706489628899731,0.3090542023051969,1.05
0.1,0.005693069306930694,30,1,0.27015295859754784,0.3085218091287587,1.15
0.1,0.005693069306930694,30,2,0.2704811401317426,0.3088740883277171,1.15
0.1,0.006435643564356437,30,1,0.27264616937132735,0.311196023919011,1.3
0.1,0.006435643564356437,30,2,0.2693388533076352,0.3076475739773985,1.3
0.1,0.007425742574257427,30,1,0.2748392709663608,0.31354434267816456,1.5
0.1,0.007425742574257427,30,2,0.2732105023613806,0.31180065939029966,1.5
0.1,0.009900990099009903,30,1,0.27807058926744344,0.3169973337280876,2.0
0.1,0.009900990099009903,30,2,0.2686949021770788,0.3069557076063249,2.0
0.1,0.0014851485148514854,60,1,0.2732465402651744,0.3118408585949371,0.3
0.1,0.0014851485148514854,60,2,0.2727760582583292,0.3113368083261995,0.3
0.1,0.0024752475247524757,60,1,0.26923053727490764,0.3075328260174211,0.5
0.1,0.0024752475247524757,60,2,0.26970857607530074,0.3080462713309303,0.5
0.1,0.003465346534653466,60,1,0.27989862475871563,0.31894854149160234,0.7
0.1,0.003465346534653466,60,2,0.27267583212021507,0.3112294088408488,0.7
0.1,0.004207920792079208,60,1,0.2751670992538162,0.313896636229121,0.8499999999999999
0.1,0.004207920792079208,60,2,0.2705356822210839,0.3089342303110152,0.8499999999999999
0.1,0.004702970297029704,60,1,0.2705728932973961,0.3089741669167485,0.95
0.1,0.004702970297029704,60,2,0.27140345215045414,0.3098652848832127,0.95
0.1,0.005198019801980199,60,1,0.27140122854352067,0.3098628998505592,1.05
0.1,0.005198019801980199,60,2,0.27254423162223834,0.31108837759385943,1.05
0.1,0.005693069306930694,60,1,0.2725950627198739,0.3111428529460688,1.15
0.1,0.005693069306930694,60,2,0.2737542222290805,0.31238456820741295,1.15
0.1,0.006435643564356437,60,1,0.2699032640257748,0.30825532971611636,1.3
0.1,0.006435643564356437,60,2,0.2698829859351636,0.3082335561818179,1.3
0.1,0.007425742574257427,60,1,0.2717219458455091,0.3102068607550359,1.5
0.1,0.007425742574257427,60,2,0.2681485816143765,0.30637010191117486,1.5
0.1,0.009900990099009903,60,1,0.26705295459242107,0.3051918008086858,2.0
0.1,0.009900990099009903,60,2,0.2712012672123298,0.30964840653414644,2.0
0.1,0.0014851485148514854,120,1,0.26472971969683556,0.3026935886705533,0.3
0.1,0.0014851485148514854,120,2,0.2721286448647991,0.3106461185261026,0.3
0.1,0.0024752475247524757,120,1,0.27191778531370514,0.3104200533802556,0.5
0.1,0.0024752475247524757,120,2,0.26879158519315627,0.3070644250271728,0.5
0.1,0.003465346534653466,120,1,0.26732487252153286,0.30548753963572933,0.7
0.1,0.003465346534653466,120,2,0.27239437721805254,0.3109309644040883,0.7
0.1,0.004207920792079208,120,1,0.2775559987120335,0.31645276273421885,0.8499999999999999
0.1,0.004207920792079208,120,2,0.28070552813885474,0.31981136574215074,0.8499999999999999
0.1,0.004702970297029704,120,1,0.2722175643503273,0.3107414398880549,0.95
0.1,0.004702970297029704,120,2,0.271041157419988,0.30947984208762785,0.95
0.1,0.005198019801980199,120,1,0.2701965216331961,0.3085733866370828,1.05
0.1,0.005198019801980199,120,2,0.27573390493372596,0.3145059643521731,1.05
0.1,0.005693069306930694,120,1,0.2718232622678449,0.3103187028844233,1.15
0.1,0.005693069306930694,120,2,0.27870006084659205,0.31767373099420865,1.15
0.1,0.006435643564356437,120,1,0.2771503496886232,0.3160195855890305,1.3
0.1,0.006435643564356437,120,2,0.271089693194921,0.3095319136902478,1.3
0.1,0.007425742574257427,120,1,0.26451079601888894,0.30245767230313636,1.5
0.1,0.007425742574257427,120,2,0.2726381105253282,0.31119218064409093,1.5
0.1,0.009900990099009903,120,1,0.27111345813930776,0.30955740925095815,2.0
0.1,0.009900990099009903,120,2,0.27029534092160884,0.3086794666550237,2.0
0.1,0.0014851485148514854,240,1,0.26915405242233537,0.3074602960304571,0.3
0.1,0.0014851485148514854,240,2,0.2669952786274284,0.30513941155583585,0.3
0.1,0.0024752475247524757,240,1,0.27087665243185516,0.3093097471143511,0.5
0.1,0.0024752475247524757,240,2,0.2729786780243301,0.31156348570857706,0.5
0.1,0.003465346534653466,240,1,0.27086516211890244,0.3092974181340362,0.7
0.1,0.003465346534653466,240,2,0.27776414634401136,0.31668131370735275,0.7
0.1,0.004207920792079208,240,1,0.26407016370259045,0.3019891987142198,0.8499999999999999
0.1,0.004207920792079208,240,2,0.2667727918448425,0.3049000217316358,0.8499999999999999
0.1,0.004702970297029704,240,1,0.2814067579730824,0.3205642839799174,0.95
0.1,0.004702970297029704,240,2,0.277941587292649,0.3168707208258199,0.95
0.1,0.005198019801980199,240,1,0.26050242298065684,0.298138686091725,1.05
0.1,0.005198019801980199,240,2,0.269325988642412,0.3076449942674803,1.05
0.1,0.005693069306930694,240,1,0.27464770401535243,0.3133505138119863,1.15
0.1,0.005693069306930694,240,2,0.2716165883161242,0.31010347705582,1.15
0.1,0.006435643564356437,240,1,0.2780959218777122,0.3170354421581518,1.3
0.1,0.006435643564356437,240,2,0.26852167282736067,0.30678078728767794,1.3
0.1,0.007425742574257427,240,1,0.26797647635008903,0.30619471972932005,1.5
0.1,0.007425742574257427,240,2,0.2686767949590492,0.3069474978315531,1.5
0.1,0.009900990099009903,240,1,0.267958375429989,0.30617525807369816,2.0
0.1,0.009900990099009903,240,2,0.2802991762377447,0.3193848056043711,2.0
0.1,0.0014851485148514854,480,1,0.26597449862944006,0.30405368039058434,0.3
0.1,0.0014851485148514854,480,2,0.2616198714392823,0.2993586130652417,0.3
0.1,0.0024752475247524757,480,1,0.2752020926979816,0.3139563300123721,0.5
0.1,0.0024752475247524757,480,2,0.28269742018671584,0.32194991450581417,0.5
0.1,0.003465346534653466,480,1,0.27947619081774805,0.3185203349051094,0.7
0.1,0.003465346534653466,480,2,0.2596630562137943,0.29724449248478346,0.7
0.1,0.004207920792079208,480,1,0.27634311070047923,0.31517620728182877,0.8499999999999999
0.1,0.004207920792079208,480,2,0.26417902580657043,0.302119473040461,0.8499999999999999
0.1,0.004702970297029704,480,1,0.27256569800087516,0.31113374849175135,0.95
0.1,0.004702970297029704,480,2,0.2921586988523361,0.3319692673426167,0.95
0.1,0.005198019801980199,480,1,0.2722063394109708,0.31074858796684,1.05
0.1,0.005198019801980199,480,2,0.2788227548236725,0.31782355617043817,1.05
0.1,0.005693069306930694,480,1,0.26716416571584556,0.3053339847676443,1.15
0.1,0.005693069306930694,480,2,0.2789077727445584,0.31791423365430366,1.15
0.1,0.006435643564356437,480,1,0.2829848148080755,0.32225546146607126,1.3
0.1,0.006435643564356437,480,2,0.27752017701878995,0.31643351409960063,1.3
0.1,0.007425742574257427,480,1,0.27422394114010273,0.312909742381859,1.5
0.1,0.007425742574257427,480,2,0.27519452209442313,0.31394823267399474,1.5
0.1,0.009900990099009903,480,1,0.2755542119860166,0.3143328975374693,2.0
0.1,0.009900990099009903,480,2,0.2632294634520457,0.30109560700946314,2.0
0.2,0.00576923076923077,30,1,0.2804458800656691,0.3189859758535806,0.3
0.2,0.00576923076923077,30,2,0.26504146486429603,0.3035974527382167,0.3
0.2,0.009615384615384618,30,1,0.2870107102751538,0.3254809023931776,0.5
0.2,0.009615384615384618,30,2,0.2757051904216469,0.3142720758850572,0.5
0.2,0.013461538461538464,30,1,0.2624048115552531,0.3009431500455293,0.7
0.2,0.013461538461538464,30,2,0.26608546110402376,0.30464681185729997,0.7
0.2,0.01634615384615385,30,1,0.27990186386042704,0.3184460362281521,0.85
0.2,0.01634615384615385,30,2,0.27387715045628697,0.31244912353855636,0.85
0.2,0.018269230769230774,30,1,0.26986493817272605,0.3084379443502233,0.95
0.2,0.018269230769230774,30,2,0.2493548412371009,0.287720345045173,0.95
0.2,0.020192307692307697,30,1,0.2713545933885261,0.3099288347898829,1.05
0.2,0.020192307692307697,30,2,0.2772185613447215,0.3157790336900679,1.05
0.2,0.02211538461538462,30,1,0.28237223771417685,0.32089579594633283,1.15
0.2,0.02211538461538462,30,2,0.2692016823893085,0.30777352595586166,1.15
0.2,0.02500000000000001,30,1,0.2928972685626079,0.3312718343375126,1.3
0.2,0.02500000000000001,30,2,0.26533693669452696,0.30389453615210704,1.3
0.2,0.028846153846153855,30,1,0.28293178809311637,0.3214499263410653,1.5
0.2,0.028846153846153855,30,2,0.28058585062486585,0.31912485532020934,1.5
0.2,0.03846153846153847,30,1,0.2746876619919467,0.3132577375217421,2.0
0.2,0.03846153846153847,30,2,0.29175564037181845,0.33015121430043703,2.0
0.2,0.00576923076923077,60,1,0.2953797806535845,0.3337616982565774,0.3
0.2,0.00576923076923077,60,2,0.2735356333688227,0.31216704639458137,0.3
0.2,0.009615384615384618,60,1,0.2670558562878373,0.30568050881417996,0.5
0.2,0.009615384615384618,60,2,0.23981566847815317,0.2780262711526356,0.5
0.2,0.013461538461538464,60,1,0.2722931728349038,0.3109260928317781,0.7
0.2,0.013461538461538464,60,2,0.2292722180317835,0.2671603798593648,0.7
0.2,0.01634615384615385,60,1,0.25003981238751105,0.28847758723576034,0.85
0.2,0.01634615384615385,60,2,0.2912613737895838,0.3297232071261029,0.85
0.2,0.018269230769230774,60,1,0.280532605195054,0.3191303965777587,0.95
0.2,0.018269230769230774,60,2,0.24671849396350065,0.2850917984258712,0.95
0.2,0.020192307692307697,60,1,0.258326533712722,0.2968855502026092,1.05
0.2,0.020192307692307697,60,2,0.26211828765290013,0.30071371163785887,1.05
0.2,0.02211538461538462,60,1,0.3042504194256519,0.3424066620500421,1.15
0.2,0.02211538461538462,60,2,0.2635707808433816,0.3021769471864153,1.15
0.2,0.02500000000000001,60,1,0.271698054804556,0.3103312236044854,1.3
0.2,0.02500000000000001,60,2,0.266304720565269,0.3049262615774908,1.3
0.2,0.028846153846153855,60,1,0.24533949853136422,0.2836833892812959,1.5
0.2,0.028846153846153855,60,2,0.29941821301616756,0.3377065379123431,1.5
0.2,0.03846153846153847,60,1,0.2568592151075119,0.2954009135561689,2.0
0.2,0.03846153846153847,60,2,0.2980910706393696,0.33641182828119126,2.0
0.2,0.00576923076923077,120,1,0.2407040772325528,0.2790573929030765,0.3
0.2,0.00576923076923077,120,2,0.27125025154150584,0.3100012337871523,0.3
0.2,0.009615384615384618,120,1,0.2950792288699211,0.3335817991991458,0.5
0.2,0.009615384615384618,120,2,0.25459455852701623,0.29322518805240605,0.5
0.2,0.013461538461538464,120,1,0.29835964737698106,0.33678762976649423,0.7
0.2,0.013461538461538464,120,2,0.2971294700940096,0.3355865992775386,0.7
0.2,0.01634615384615385,120,1,0.2756791651563125,0.31442214287251485,0.85
0.2,0.01634615384615385,120,2,0.2556051092266903,0.29424970541940887,0.85
0.2,0.018269230769230774,120,1,0.29864970884842895,0.3370706124015101,0.95
0.2,0.018269230769230774,120,2,0.28742120534952786,0.3260592388660337,0.95
0.2,0.020192307692307697,120,1,0.29653274435645843,0.33500350283675095,1.05
0.2,0.020192307692307697,120,2,0.23705547476710842,0.2753098770199137,1.05
0.2,0.02211538461538462,120,1,0.24876395529592502,0.28729746685766794,1.15
0.2,0.02211538461538462,120,2,0.26529568163350603,0.3040307015735634,1.15
0.2,0.02500000000000001,120,1,0.3055822928643439,0.34381036188771547,1.3
0.2,0.02500000000000001,120,2,0.2621809077035931,0.3008955066664326,1.3
0.2,0.028846153846153855,120,1,0.25716732317999536,0.29583183449477224,1.5
0.2,0.028846153846153855,120,2,0.29656087320595226,0.3350309966732708,1.5
0.2,0.03846153846153847,120,1,0.26221823656180704,0.30093312898686986,2.0
0.2,0.03846153846153847,120,2,0.23933784512248366,0.27765538114313315,2.0
0.2,0.00576923076923077,240,1,0.26417438944691807,0.3031398812975632,0.3
0.2,0.00576923076923077,240,2,0.2371814909643895,0.2756787405812402,0.3
0.2,0.009615384615384618,240,1,0.31346043702686477,0.35163337244064086,0.5
0.2,0.009615384615384618,240,2,0.32471743835195654,0.3623844622980265,0.5
0.2,0.013461538461538464,240,1,0.296925934005278,0.33561527128696017,0.7
0.2,0.013461538461538464,240,2,0.3541186374209726,0.3898334993364161,0.7
0.2,0.01634615384615385,240,1,0.28700244669399166,0.3258774637545141,0.85
0.2,0.01634615384615385,240,2,0.30626352043659766,0.34469369376290726,0.85
0.2,0.018269230769230774,240,1,0.2625695527821589,0.30152429707055,0.95
0.2,0.018269230769230774,240,2,0.2934379047898449,0.3322029055884425,0.95
0.2,0.020192307692307697,240,1,0.2385304145035803,0.27706534070070155,1.05
0.2,0.020192307692307697,240,2,0.28386413353989726,0.32277906519443195,1.05
0.2,0.02211538461538462,240,1,0.29992361577695925,0.33853879842741885,1.15
0.2,0.02211538461538462,240,2,0.317535124983225,0.3555397145808581,1.15
0.2,0.02500000000000001,240,1,0.2501811792619413,0.28897957576979594,1.3
0.2,0.02500000000000001,240,2,0.2896594446405416,0.3284936557279209,1.3
0.2,0.028846153846153855,240,1,0.29552988392628876,0.33425086962865913,1.5
0.2,0.028846153846153855,240,2,0.282190001647733,0.3211225830888462,1.5
0.2,0.03846153846153847,240,1,0.31804065918320723,0.3560232024499289,2.0
0.2,0.03846153846153847,240,2,0.3025203389439795,0.3410643991690107,2.0
0.2,0.00576923076923077,480,1,0.30663308047762244,0.34549627047486475,0.3
0.2,0.00576923076923077,480,2,0.2583637888981916,0.2977550222253772,0.3
0.2,0.009615384615384618,480,1,0.28155036092530794,0.3209535658098296,0.5
0.2,0.009615384615384618,480,2,0.28674033256593046,0.32608022827592,0.5
0.2,0.013461538461538464,480,1,0.24887664954115984,0.28812842082450923,0.7
0.2,0.013461538461538464,480,2,0.3186811058561393,0.3570678968086835,0.7
0.2,0.01634615384615385,480,1,0.3102010798924437,0.3489383201957354,0.85
0.2,0.01634615384615385,480,2,0.3063936211265204,0.3452648141327302,0.85
0.2,0.018269230769230774,480,1,0.2462709993691984,0.28547114665478823,0.95
0.2,0.018269230769230774,480,2,0.3629432503386447,0.39825344476658353,0.95
0.2,0.020192307692307697,480,1,0.22419644098352365,0.26273365993201114,1.05
0.2,0.020192307692307697,480,2,0.28842477216331064,0.32773878778934407,1.05
0.2,0.02211538461538462,480,1,0.24008627756890769,0.2791411795183719,1.15
0.2,0.02211538461538462,480,2,0.293644051033916,0.3328610846492953,1.15
0.2,0.02500000000000001,480,1,0.19355513549027353,0.23051902857713558,1.3
0.2,0.02500000000000001,480,2,0.24953035911076338,0.28879418651622324,1.3
0.2,0.028846153846153855,480,1,0.36579302767065175,0.4008285443954468,1.5
0.2,0.028846153846153855,480,2,0.29426863671296977,0.33347235073273296,1.5
0.2,0.03846153846153847,480,1,0.3031863013666675,0.34215927377673105,2.0
0.2,0.03846153846153847,480,2,0.35728075494973843,0.39310797482447946,2.0
0.3,0.01238532110091743,30,1,0.21158459885463177,0.25232584356093546,0.3
0.3,0.01238532110091743,30,2,0.25862121079927086,0.2982177905198694,0.3
0.3,0.020642201834862383,30,1,0.27785565382426997,0.3164459773779045,0.5
0.3,0.020642201834862383,30,2,0.29239559726990744,0.33002101909974674,0.5
0.3,0.028899082568807334,30,1,0.2898134503982664,0.3276230535155279,0.7
0.3,0.028899082568807334,30,2,0.3156622702971038,0.3513778955481661,0.7
0.3,0.03509174311926605,30,1,0.21703209566832166,0.25773841853413626,0.85
0.3,0.03509174311926605,30,2,0.21872247245903792,0.2594126596460383,0.85
0.3,0.03922018348623853,30,1,0.2611450152875801,0.30062715161884007,0.95
0.3,0.03922018348623853,30,2,0.3135080856422693,0.34941949646963694,0.95
0.3,0.043348623853211005,30,1,0.295399307916851,0.33280350820739196,1.05
0.3,0.043348623853211005,30,2,0.2814243457611257,0.3197941060994403,1.05
0.3,0.047477064220183475,30,1,0.2709427641118556,0.3099302194567742,1.15
0.3,0.047477064220183475,30,2,0.2475625395689315,0.28759760775583065,1.15
0.3,0.0536697247706422,30,1,0.3137573102597918,0.34964626850832914,1.3
0.3,0.0536697247706422,30,2,0.29812589143555845,0.33532278686721384,1.3
0.3,0.061926605504587146,30,1,0.2970487098060845,0.33432824303996245,1.5
0.3,0.061926605504587146,30,2,0.2862136012844869,0.3242707338223242,1.5
0.3,0.08256880733944953,30,1,0.2150823692689232,0.2558041927188475,2.0
0.3,0.08256880733944953,30,2,0.26395501296037593,0.30330346485003257,2.0
0.3,0.01238532110091743,60,1,0.3279835159235136,0.36288163616165325,0.3
0.3,0.01238532110091743,60,2,0.30577621510107944,0.34274862582141075,0.3
0.3,0.020642201834862383,60,1,0.2754938045349654,0.31462696512383587,0.5
0.3,0.020642201834862383,60,2,0.2033433823338071,0.2444927871827693,0.5
0.3,0.028899082568807334,60,1,0.3681506296171215,0.3982282432434588,0.7
0.3,0.028899082568807334,60,2,0.2558159248297635,0.2959407571737462,0.7
0.3,0.03509174311926605,60,1,0.29530342360479045,0.3331100407991153,0.85
0.3,0.03509174311926605,60,2,0.30437799505526275,0.34146710478998776,0.85
0.3,0.03922018348623853,60,1,0.3012576623235078,0.33860128363513115,0.95
0.3,0.03922018348623853,60,2,0.3098312178741573,0.3464558959614501,0.95
0.3,0.043348623853211005,60,1,0.27132922472088916,0.31069942278733287,1.05
0.3,0.043348623853211005,60,2,0.2538087320028535,0.2940163683769388,1.05
0.3,0.047477064220183475,60,1,0.29256694446227427,0.33057637953665564,1.15
0.3,0.047477064220183475,60,2,0.2981776685910129,0.33576449898442545,1.15
0.3,0.0536697247706422,60,1,0.21144812753855494,0.2525969744059372,1.3
0.3,0.0536697247706422,60,2,0.3536510427512773,0.3856293714253369,1.3
0.3,0.061926605504587146,60,1,0.26714630088995467,0.30673992191129934,1.5
0.3,0.061926605504587146,60,2,0.3034354509450642,0.3406023013670384,1.5
0.3,0.08256880733944953,60,1,0.19422281814560555,0.23530143308856033,2.0
0.3,0.08256880733944953,60,2,0.3579210837350939,0.38935867398327256,2.0
0.3,0.01238532110091743,120,1,0.3715103772580699,0.4018015403206342,0.3
0.3,0.01238532110091743,120,2,0.25657853166391076,0.2974854736523915,0.3
0.3,0.020642201834862383,120,1,0.2570505809014919,0.2979370711238234,0.5
0.3,0.020642201834862383,120,2,0.3053553343040243,0.34314209359738795,0.5
0.3,0.028899082568807334,120,1,0.2762515634259532,0.31614428526216337,0.7
0.3,0.028899082568807334,120,2,0.256928166165799,0.2978199784717729,0.7
0.3,0.03509174311926605,120,1,0.2836278322634555,0.3230550731236914,0.85
0.3,0.03509174311926605,120,2,0.2899260032103588,0.32891911031823595,0.85
0.3,0.03922018348623853,120,1,0.33602169541403576,0.3708061269656239,0.95
0.3,0.03922018348623853,120,2,0.3029601057690633,0.3409474451606733,0.95
0.3,0.043348623853211005,120,1,0.33163716008756444,0.36690042510809684,1.05
0.3,0.043348623853211005,120,2,0.2862615297411864,0.3255113394257829,1.05
0.3,0.047477064220183475,120,1,0.40639405569646886,0.4311741604715469,1.15
0.3,0.047477064220183475,120,2,0.26621577850917527,0.30666726923073684,1.15
0.3,0.0536697247706422,120,1,0.28380731038157647,0.32322264746831986,1.3
0.3,0.0536697247706422,120,2,0.2190333826443367,0.26094636273511584,1.3
0.3,0.061926605504587146,120,1,0.35195099808040264,0.3848552795538819,1.5
0.3,0.061926605504587146,120,2,0.32202241163164247,0.3582776274204637,1.5
0.3,0.08256880733944953,120,1,0.32161044248089754,0.35790638368699695,2.0
0.3,0.08256880733944953,120,2,0.3115669893620689,0.34881074800981027,2.0
0.3,0.01238532110091743,240,1,0.3483686514975118,0.3831423363083332,0.3
0.3,0.01238532110091743,240,2,0.31610747309338205,0.3544572635969219,0.3
0.3,0.020642201834862383,240,1,0.12583546016141195,0.1659352005439936,0.5
0.3,0.020642201834862383,240,2,0.14169569082344602,0.18305962096791284,0.5
0.3,0.028899082568807334,240,1,0.10545945599690121,0.14344309699790248,0.7
0.3,0.028899082568807334,240,2,0.30580358396659657,0.34510124680867377,0.7
0.3,0.03509174311926605,240,1,0.18524225643342193,0.2285902678501665,0.85
0.3,0.03509174311926605,240,2,0.31417446503972746,0.3527092127657526,0.85
0.3,0.03922018348623853,240,1,0.4486890000660304,0.466266930070496,0.95
0.3,0.03922018348623853,240,2,0.3488087331128279,0.38352721566905057,0.95
0.3,0.043348623853211005,240,1,0.23167295250500383,0.2750269109698598,1.05
0.3,0.043348623853211005,240,2,0.2843936996006435,0.3253619816611687,1.05
0.3,0.047477064220183475,240,1,0.2869568479041852,0.32774637549655067,1.15
0.3,0.047477064220183475,240,2,0.3544677543208851,0.3884608745421714,1.15
0.3,0.0536697247706422,240,1,0.24414790850359347,0.2871616416401742,1.3
0.3,0.0536697247706422,240,2,0.40099974966537855,0.4279226660816723,1.3
0.3,0.061926605504587146,240,1,0.3793125313850405,0.4097779182301424,1.5
0.3,0.061926605504587146,240,2,0.37792812611026627,0.4086048999549782,1.5
0.3,0.08256880733944953,240,1,0.35211913569754605,0.38641679515745603,2.0
0.3,0.08256880733944953,240,2,0.34925207475333186,0.38391477027546783,2.0
0.3,0.01238532110091743,480,1,0.12044951443847783,0.16298685268734608,0.3
0.3,0.01238532110091743,480,2,0.4601024048747262,0.47687883861445757,0.3
0.3,0.020642201834862383,480,1,0.36948913358909474,0.4040414848725953,0.5
0.3,0.020642201834862383,480,2,0.14936685176696152,0.19435937153367727,0.5
0.3,0.028899082568807334,480,1,0.15133092519524427,0.19645084186086767,0.7
0.3,0.028899082568807334,480,2,0.23547242203463917,0.2820237085855182,0.7
0.3,0.03509174311926605,480,1,0.3582635495702208,0.3944687148938746,0.85
0.3,0.03509174311926605,480,2,0.1373501693968375,0.18145762406926635,0.85
0.3,0.03922018348623853,480,1,0.39497207145306057,0.4253265508614376,0.95
0.3,0.03922018348623853,480,2,0.2580196657523489,0.3037354073210997,0.95
0.3,0.043348623853211005,480,1,0.2249941393212614,0.2717663562298818,1.05
0.3,0.043348623853211005,480,2,0.2092628429478829,0.2561627472400422,1.05
0.3,0.047477064220183475,480,1,0.4017716185313649,0.4309006960266098,1.15
0.3,0.047477064220183475,480,2,0.15204210639857996,0.19720698550403892,1.15
0.3,0.0536697247706422,480,1,0.4145476194268618,0.44125352926097766,1.3
0.3,0.0536697247706422,480,2,0.1990254274564018,0.24587394999064344,1.3
0.3,0.061926605504587146,480,1,0.3084665904959619,0.35057211903846663,1.5
0.3,0.061926605504587146,480,2,0.3636661110289829,0.39909074750246787,1.5
0.3,0.08256880733944953,480,1,0.5270774697489238,0.5256336213833043,2.0
0.3,0.08256880733944953,480,2,0.41380063454628113,0.44065256776694356,2.0
0.5,0.03,30,1,0.26788251266798374,0.31021291858029676,0.3
0.5,0.03,30,2,0.3327419635178963,0.36553329130444207,0.3
0.5,0.05,30,1,0.2520435945499472,0.29624084176733567,0.5
0.5,0.05,30,2,0.22348574492439258,0.2705412019983808,0.5
0.5,0.06999999999999999,30,1,0.2611129036513711,0.30426482448392134,0.6999999999999998
0.5,0.06999999999999999,30,2,0.4010251605329174,0.42079727497227004,0.6999999999999998
0.5,0.085,30,1,0.26416409209936126,0.3069500543466531,0.85
0.5,0.085,30,2,0.2991635281380906,0.3372592127102556,0.85
0.5,0.095,30,1,0.17364880419705486,0.22392807678444723,0.95
0.5,0.095,30,2,0.26435723920020326,0.30711979640642983,0.95
0.5,0.10500000000000001,30,1,0.5089209650862135,0.502520055878327,1.05
0.5,0.10500000000000001,30,2,0.29558165428484917,0.3341977544680682,1.05
0.5,0.11499999999999999,30,1,0.4351322768570921,0.44734773397937266,1.15
0.5,0.11499999999999999,30,2,0.252879436032562,0.2969830318056655,1.15
0.5,0.13,30,1,0.29875282842275674,0.33690863907929436,1.3
0.5,0.13,30,2,0.2898526144122001,0.3292823366240761,1.3
0.5,0.15000000000000002,30,1,0.19827370981644454,0.24726243734330644,1.5000000000000002
0.5,0.15000000000000002,30,2,0.19618770464235574,0.24530965274681313,1.5000000000000002
0.5,0.2,30,1,0.22729841558522595,0.27401181949226505,2.0
0.5,0.2,30,2,0.4345327094755934,0.4468868482308169,2.0
0.5,0.03,60,1,0.26689619252530367,0.31265665126298486,0.3
0.5,0.03,60,2,0.23866276577693346,0.287644661555716,0.3
0.5,0.05,60,1,0.26845699645458393,0.3140203981000411,0.5
0.5,0.05,60,2,0.2616954471103568,0.30809850793977167,0.5
0.5,0.06999999999999999,60,1,0.1584395602253743,0.21248892651396917,0.6999999999999998
0.5,0.06999999999999999,60,2,0.23809161476341464,0.2871317490879586,0.6999999999999998
0.5,0.085,60,1,0.23315368332040112,0.28268542357837945,0.85
0.5,0.085,60,2,0.5404976539293513,0.5268163386156526,0.85
0.5,0.095,60,1,0.25481466332990693,0.30203434221016734,0.95
0.5,0.095,60,2,0.07257536279830798,0.12210160872827068,0.95
0.5,0.10500000000000001,60,1,0.3880206891163871,0.41325634881470485,1.05
0.5,0.10500000000000001,60,2,0.36432653160479395,0.3943596356580735,1.05
0.5,0.11499999999999999,60,1,0.5373545595248205,0.5246076126742123,1.15
0.5,0.11499999999999999,60,2,0.15989273891224193,0.21391359038599037,1.15
0.5,0.13,60,1,0.09914329490319888,0.15165319543286643,1.3
0.5,0.13,60,2,0.7568648644944689,0.6684158419897976,1.3
0.5,0.15000000000000002,60,1,0.48318739236245467,0.4856986572310644,1.5000000000000002
0.5,0.15000000000000002,60,2,0.3884086172549458,0.4135627700579191,1.5000000000000002
0.5,0.2,60,1,0.3234380985587899,0.3608857144703367,2.0
0.5,0.2,60,2,0.43840031853376954,0.4522764125532537,2.0
0.5,0.03,120,1,0.17189211958090478,0.23241384557075326,0.3
0.5,0.03,120,2,0.34964885912308524,0.3883464682642939,0.3
0.5,0.05,120,1,0.2660004031059832,0.318521036063832,0.5
0.5,0.05,120,2,0.1296633296253825,0.19025764978950743,0.5
0.5,0.06999999999999999,120,1,0.4838580466401189,0.49010165478564205,0.6999999999999998
0.5,0.06999999999999999,120,2,0.2506910893188875,0.30511705835102515,0.6999999999999998
0.5,0.085,120,1,0.2231416526607613,0.2804457574055086,0.85
0.5,0.085,120,2,0.14230045329501295,0.20316162846085345,0.85
0.5,0.095,120,1,0.45351102551344136,0.46808963209048404,0.95
0.5,0.095,120,2,0.12033518504835179,0.18055162062222857,0.95
0.5,0.10500000000000001,120,1,0.4849129737777079,0.49085703989559226,1.05
0.5,0.10500000000000001,120,2,0.4909025868646372,0.4951336768947967,1.05
0.5,0.11499999999999999,120,1,0.7932876904295669,0.6908388099686502,1.15
0.5,0.11499999999999999,120,2,0.24565051094606166,0.30065722415153284,1.15
0.5,0.13,120,1,0.5999036388058345,0.5695601128654957,1.3
0.5,0.13,120,2,0.6659129074722283,0.6119394338107629,1.3
0.5,0.15000000000000002,120,1,0.49220772091470505,0.4960628016591042,1.5000000000000002
0.5,0.15000000000000002,120,2,0.46518188774043834,0.47662012453293856,1.5000000000000002
0.5,0.2,120,1,0.24100762089110894,0.296528263218252,2.0
0.5,0.2,120,2,0.47087915766844546,0.48075464343612995,2.0
0.5,0.03,240,1,0.13374596801969174,0.20832189043029353,0.3
0.5,0.03,240,2,0.02147224073839414,0.06849217222297257,0.3
0.5,0.05,240,1,0.29423290742064184,0.3552321548542647,0.5
0.5,0.05,240,2,0.062396996556361536,0.12734675770644766,0.5
0.5,0.06999999999999999,240,1,0.3172743351128743,0.37393854390396947,0.6999999999999998
0.5,0.06999999999999999,240,2,0.25497561528567003,0.32219909365109867,0.6999999999999998
0.5,0.085,240,1,0.4986950822085616,0.5069582951981819,0.85
0.5,0.085,240,2,0.17306422036066202,0.24763250733692127,0.85
0.5,0.095,240,1,0.5191851622730418,0.5206552189185458,0.95
0.5,0.095,240,2,0.7643975838714018,0.6724781325726612,0.95
0.5,0.10500000000000001,240,1,0.5618443438975829,0.5484805283816137,1.05
0.5,0.10500000000000001,240,2,0.4795461122121799,0.49394646057614966,1.05
0.5,0.11499999999999999,240,1,0.5624909674116404,0.5488956221628576,1.15
0.5,0.11499999999999999,240,2,0.21447657963663647,0.28639428434305314,1.15
0.5,0.13,240,1,0.5678965954580124,0.5523583809223025,1.3
0.5,0.13,240,2,0.485674147617536,0.4981334089314129,1.3
0.5,0.15000000000000002,240,1,0.3602973971851125,0.40764821291549924,1.5000000000000002
0.5,0.15000000000000002,240,2,0.3982660859665288,0.4361911985826581,1.5000000000000002
0.5,0.2,240,1,0.6470280739436052,0.6017393459300954,2.0
0.5,0.2,240,2,0.9077950092665135,0.7659393990907799,2.0
0.5,0.03,480,1,0.12264683621968264,0.22515025965356375,0.3
0.5,0.03,480,2,0.052313204829273104,0.13948747147947216,0.3
0.5,0.05,480,1,0.009438165951523633,0.06023129978106741,0.5
0.5,0.05,480,2,0.17778070411485955,0.27971186350634686,0.5
0.5,0.06999999999999999,480,1,0.12203965873587154,0.22450400628026182,0.6999999999999998
0.5,0.06999999999999999,480,2,0.5249977363272602,0.531651255360682,0.6999999999999998
0.5,0.085,480,1,0.22546674633385846,0.32186840399424654,0.85
0.5,0.085,480,2,0.7170914495555364,0.6435532018519227,0.85
0.5,0.095,480,1,0.3353196299066027,0.40732646347379,0.95
0.5,0.095,480,2,0.1442794301794723,0.24746538401994939,0.95
0.5,0.10500000000000001,480,1,0.6898610299397182,0.6279186378085334,1.05
0.5,0.10500000000000001,480,2,0.22433784621200603,0.3209129446229941,1.05
0.5,0.11499999999999999,480,1,0.4482011379460723,0.4838668903261497,1.15
0.5,0.11499999999999999,480,2,0.7137525771300628,0.6416328734369322,1.15
0.5,0.13,480,1,0.6479767222894215,0.6038841092043303,1.3
0.5,0.13,480,2,0.8568978232378214,0.7276750093574715,1.3
0.5,0.15000000000000002,480,1,0.660523749409837,0.6110929626147941,1.5000000000000002
0.5,0.15000000000000002,480,2,0.6807787051784836,0.6227112246607729,1.5000000000000002
0.5,0.2,480,1,0.903634420546512,0.7602061100306342,2.0
0.5,0.2,480,2,0.7826219380577483,0.681722409929493,2.0
1.0,0.075,30,1,0.04045665600379318,0.11665498364535501,0.3
1.0,0.075,30,2,0.024577707327924855,0.09314379148623145,0.3
1.0,0.125,30,1,0.4960645817162988,0.49366220669328115,0.5
1.0,0.125,30,2,0.09589605936992353,0.1810900900627867,0.5
1.0,0.175,30,1,0.47569466752472284,0.48006793338578957,0.7
1.0,0.175,30,2,0.35445468905235655,0.395953870660156,0.7
1.0,0.2125,30,1,0.07548307500789232,0.1592711256635809,0.85
1.0,0.2125,30,2,0.6788045490203307,0.6115199898385811,0.85
1.0,0.2375,30,1,0.7880344549476939,0.6815753309528283,0.95
1.0,0.2375,30,2,0.13822990174086344,0.22239453188644573,0.95
1.0,0.2625,30,1,0.14565704713041966,0.22923792465744555,1.05
1.0,0.2625,30,2,0.260918703144942,0.32592131662804413,1.05
1.0,0.2875,30,1,0.7958434122258771,0.6867166320045363,1.15
1.0,0.2875,30,2,0.10002944348587905,0.18532958972531824,1.15
1.0,0.325,30,1,0.4851711748172229,0.4864083191348604,1.3
1.0,0.325,30,2,0.8324880473070335,0.7113528935440032,1.3
1.0,0.375,30,1,0.48577168437215107,0.4868091436307169,1.5
1.0,0.375,30,2,0.5528624505816457,0.5309519161544873,1.5
1.0,0.5,30,1,0.17192545834945372,0.2527038709595404,2.0
1.0,0.5,30,2,0.5359735877337588,0.5199494269145649,2.0
1.0,0.075,60,1,0.47350467122888557,0.4887454052870228,0.3
1.0,0.075,60,2,0.10017593053674362,0.21347185050943124,0.3
1.0,0.125,60,1,0.5661963102204539,0.5428817171619161,0.5
1.0,0.125,60,2,0.3983429168278317,0.4427973400269041,0.5
1.0,0.175,60,1,0.3242868913824031,0.39470986123296575,0.7
1.0,0.175,60,2,0.4123198362248632,0.45152789605296284,0.7
1.0,0.2125,60,1,0.2915126961490352,0.3722275543351013,0.85
1.0,0.2125,60,2,0.16512036954756945,0.27485560397482733,0.85
1.0,0.2375,60,1,0.0772254215965987,0.18818777489250052,0.95
1.0,0.2375,60,2,0.2815198897864952,0.36519511464916127,0.95
1.0,0.2625,60,1,0.27119187773277104,0.35783103396827304,1.05
1.0,0.2625,60,2,0.04064355389915643,0.14025868300053834,1.05
1.0,0.2875,60,1,0.6373877689782707,0.5835357519833236,1.15
1.0,0.2875,60,2,0.820416417903677,0.6918890827466647,1.15
1.0,0.325,60,1,0.1443666840645043,0.2564641028796051,1.3
1.0,0.325,60,2,0.5113683451426984,0.511115662893854,1.3
1.0,0.375,60,1,0.8604137855292555,0.7186475879232674,1.5
1.0,0.375,60,2,0.7701728679010891,0.660649218603697,1.5
1.0,0.5,60,1,0.6254211380821066,0.5767187806619034,2.0
1.0,0.5,60,2,0.8310263815018305,0.6987816564987285,2.0
1.0,0.075,120,1,0.012833711417852193,0.1272265455036376,0.3
1.0,0.075,120,2,0.00931023047931356,0.11422174050219691,0.3
1.0,0.125,120,1,0.031365152515463145,0.17412910802168405,0.5
1.0,0.125,120,2,0.034301984176892085,0.17986581607888671,0.5
1.0,0.175,120,1,0.25527304736365497,0.3848514985571112,0.7
1.0,0.175,120,2,0.3525332626078933,0.4387137171724379,0.7
1.0,0.2125,120,1,0.28446133787065286,0.40188987532694453,0.85
1.0,0.2125,120,2,0.27018299336987994,0.39366850166736034,0.85
1.0,0.2375,120,1,0.012247776847984775,0.12522326598027353,0.95
1.0,0.2375,120,2,0.439318937730985,0.48184374512958206,0.95
1.0,0.2625,120,1,0.25855729477782907,0.386815341674728,1.05
1.0,0.2625,120,2,0.6367771173202064,0.5746480011018895,1.05
1.0,0.2875,120,1,0.14984973919521022,0.31256787104301437,1.15
1.0,0.2875,120,2,0.8478854156754712,0.6871119048858834,1.15
1.0,0.325,120,1,0.7450009692444626,0.6282071543135017,1.3
1.0,0.325,120,2,0.9362235314918633,0.7558616920043872,1.3
1.0,0.375,120,1,0.8987885600215088,0.7229851233204633,1.5
1.0,0.375,120,2,0.5539553964925527,0.5357898192789767,1.5
1.0,0.5,120,1,0.8046252423149989,0.6608326822889979,2.0
1.0,0.5,120,2,0.8936674419355488,0.7190246099640156,2.0
1.0,0.075,240,1,0.0008505845624738458,0.10846557284265111,0.3
1.0,0.075,240,2,2.116602108155585e-05,0.04694759035161024,0.3
1.0,0.125,240,1,7.170921325009181e-05,0.0608101490860021,0.5
1.0,0.125,240,2,0.017904063814258304,0.2271586148110143,0.5
1.0,0.175,240,1,0.08147439947076934,0.32028708666020544,0.7
1.0,0.175,240,2,0.003992297082860667,0.15860903227111373,0.7
1.0,0.2125,240,1,0.16345958892042206,0.375692453784635,0.85
1.0,0.2125,240,2,0.4245693150234909,0.48283257127774615,0.85
1.0,0.2375,240,1,0.8576923919391605,0.6558310626648912,0.95
1.0,0.2375,240,2,0.27434752975164967,0.4269623670772139,0.95
1.0,0.2625,240,1,0.5128737023444243,0.5134838313243509,1.05
1.0,0.2625,240,2,0.17778800508789963,0.38327028861363693,1.05
1.0,0.2875,240,1,0.8823956869204863,0.6712818786717318,1.15
1.0,0.2875,240,2,0.4107491939678226,0.47797291788295837,1.15
1.0,0.325,240,1,0.9764621027034878,0.767876585789634,1.3
1.0,0.325,240,2,0.8370077058650978,0.6441000859325586,1.3
1.0,0.375,240,1,0.8803539893865431,0.6699331226874404,1.5
1.0,0.375,240,2,0.7778429581909347,0.6146433306931599,1.5
1.0,0.5,240,1,0.9780411255354768,0.771039867562797,2.0
1.0,0.5,240,2,0.9999078249026189,0.9014136773887454,2.0
1.0,0.075,480,1,6.122120404992821e-08,0.049366892649954745,0.3
1.0,0.075,480,2,1.4890338150263916e-06,0.08401007005007642,0.3
1.0,0.125,480,1,0.009250778123073244,0.2853413488903133,0.5
1.0,0.125,480,2,0.002597846048045792,0.24595685635754932,0.5
1.0,0.175,480,1,0.060896066051927995,0.35873423901609447,0.7
1.0,0.175,480,2,0.02082499089883133,0.31405532683736603,0.7
1.0,0.2125,480,1,0.2849219404457859,0.4504976681373175,0.85
1.0,0.2125,480,2,0.04928340093964553,0.3491340861178055,0.85
1.0,0.2375,480,1,0.18455625380668256,0.41918786141746656,0.95
1.0,0.2375,480,2,0.06377757464771229,0.3608953308316946,0.95
1.0,0.2625,480,1,0.5040020594479389,0.5064016731597176,1.05
1.0,0.2625,480,2,0.3174776675952086,0.4594497704286656,1.05
1.0,0.2875,480,1,0.04472945420491915,0.34488304984216595,1.15
1.0,0.2875,480,2,0.7514495599479895,0.5726905599658941,1.15
1.0,0.325,480,1,0.8153227917438941,0.5947037728615455,1.3
1.0,0.325,480,2,0.9974298950866329,0.7838121688828491,1.3
1.0,0.375,480,1,0.9154063108394996,0.6431896601832969,1.5
1.0,0.375,480,2,0.9966299717028436,0.7757022771679247,1.5
1.0,0.5,480,1,0.9999999990994507,0.949683896023842,2.0
1.0,0.5,480,2,0.9999843612119936,0.8845939689884562,2.0
